transitions,updates,episodes,ep_return,stage,r,tau_min,frontier_success,alpha,critic_loss,wall_s
20000,5008,166,36.472,basin,0.050,4.000,0.000,0.0757,0.1762,41
40000,15008,291,92.656,basin,0.050,4.000,0.125,0.0268,0.4828,122
60000,25008,382,199.657,basin,0.050,4.000,0.969,0.0294,0.6475,204
80000,35008,468,225.139,basin,0.100,4.000,0.969,0.0320,0.4898,284
100000,45008,556,213.116,basin,0.150,4.000,0.844,0.0313,0.5932,364
120000,55008,644,212.543,basin,0.150,4.000,0.875,0.0277,0.5093,446
140000,65008,733,218.168,basin,0.150,4.000,0.781,0.0279,0.7620,527
160000,75008,816,232.141,basin,0.150,4.000,0.938,0.0304,0.4422,607
180000,85008,902,212.708,basin,0.200,4.000,0.812,0.0315,0.7793,688
200000,95008,988,227.517,basin,0.200,4.000,0.750,0.0277,1.2038,769
220000,105008,1074,219.849,basin,0.200,4.000,0.594,0.0233,0.6937,850
240000,115008,1156,229.961,basin,0.200,4.000,0.656,0.0193,0.7053,935
260000,125008,1236,229.168,basin,0.200,4.000,0.906,0.0197,0.4764,1038
280000,135008,1319,231.735,basin,0.250,4.000,0.500,0.0170,0.3698,1121
300000,145008,1401,222.621,basin,0.250,4.000,0.375,0.0187,0.4775,1207
320000,155008,1484,223.893,basin,0.250,4.000,0.719,0.0216,0.8135,1401
340000,165008,1566,229.605,trajectory,0.250,4.000,0.938,0.0188,0.4173,1487
360000,175008,1646,242.896,trajectory,0.250,3.900,1.000,0.0174,0.2319,1568
380000,185008,1726,242.407,trajectory,0.250,3.800,1.000,0.0199,0.5035,1649
400000,195008,1806,239.501,trajectory,0.250,3.700,0.625,0.0173,0.3566,1731
420000,205008,1886,243.780,trajectory,0.250,3.700,1.000,0.0155,0.5326,1811
440000,215008,1966,244.749,trajectory,0.250,3.600,1.000,0.0145,0.5281,1892
460000,225008,2047,242.597,trajectory,0.250,3.500,1.000,0.0148,0.2946,1973
480000,235008,2127,242.892,trajectory,0.250,3.400,1.000,0.0131,0.2138,2053
500000,245008,2207,245.651,trajectory,0.250,3.300,1.000,0.0129,0.4938,2135
520000,255008,2287,243.611,trajectory,0.250,3.200,1.000,0.0109,1.1259,2216
540000,265008,2367,245.201,trajectory,0.250,3.100,1.000,0.0100,0.3472,2296
560000,275008,2448,245.618,trajectory,0.250,3.000,1.000,0.0101,0.1842,2376
580000,285008,2529,242.283,trajectory,0.250,2.900,1.000,0.0105,0.3335,2457
600000,295008,2610,242.184,trajectory,0.250,2.800,1.000,0.0103,0.3377,2538
620000,305008,2691,241.162,trajectory,0.250,2.700,1.000,0.0104,0.2010,2618
640000,315008,2771,246.499,trajectory,0.250,2.600,1.000,0.0093,0.1727,2699
660000,325008,2851,245.880,trajectory,0.250,2.500,1.000,0.0094,0.5839,2779
680000,335008,2931,246.144,trajectory,0.250,2.400,0.656,0.0090,0.3240,2860
700000,345008,3012,237.770,trajectory,0.250,2.400,1.000,0.0090,0.2056,2941
720000,355008,3093,244.846,trajectory,0.250,2.300,1.000,0.0096,0.3044,3023
740000,365008,3173,243.261,trajectory,0.250,2.200,1.000,0.0092,0.2384,3103
760000,375008,3253,244.284,trajectory,0.250,2.100,1.000,0.0074,0.1635,3182
780000,385008,3334,236.588,trajectory,0.250,2.000,1.000,0.0067,0.1403,3263
800000,395008,3415,239.425,trajectory,0.250,1.900,0.969,0.0066,0.1500,3344
820000,405008,3495,239.350,trajectory,0.250,1.800,0.688,0.0065,0.4638,3426
840000,415008,3575,238.880,trajectory,0.250,1.800,0.500,0.0072,0.2498,3508
860000,425008,3656,238.568,trajectory,0.250,1.800,0.719,0.0064,0.1279,3591
880000,435008,3736,239.992,trajectory,0.250,1.800,0.781,0.0058,0.2184,3673
900000,445008,3818,237.002,trajectory,0.250,1.800,0.438,0.0060,0.3191,3754
920000,455008,3898,243.137,trajectory,0.250,1.800,0.594,0.0067,0.3650,3835
940000,465008,3978,239.462,trajectory,0.250,1.800,0.594,0.0068,0.4474,3916
960000,475008,4058,241.140,trajectory,0.250,1.800,0.906,0.0066,0.1286,3997
980000,485008,4140,236.862,trajectory,0.250,1.700,0.906,0.0062,0.1187,4077
1000000,495008,4220,238.605,trajectory,0.250,1.600,0.938,0.0066,0.2668,4158
1020000,505008,4301,238.958,trajectory,0.250,1.500,0.875,0.0053,0.2078,4239
1040000,515008,4382,233.774,trajectory,0.250,1.500,0.625,0.0052,0.1075,4321
1060000,525008,4462,236.077,trajectory,0.250,1.500,0.938,0.0064,0.0940,4401
1080000,535008,4543,231.949,trajectory,0.250,1.400,0.812,0.0045,0.1078,4481
1100000,545008,4624,232.142,trajectory,0.250,1.400,0.219,0.0040,0.0501,4563
1120000,555008,4708,219.809,trajectory,0.250,1.400,0.000,0.0029,0.0464,4646
1140000,565008,4789,228.351,trajectory,0.250,1.400,0.000,0.0038,0.0876,4728
1160000,575008,4870,236.698,trajectory,0.250,1.400,0.656,0.0035,0.0123,4809
1180000,585008,4950,231.642,trajectory,0.250,1.400,0.031,0.0048,0.0562,4889
1200000,595008,5031,234.911,trajectory,0.250,1.400,0.312,0.0042,0.0830,4970
1220000,605008,5111,230.372,trajectory,0.250,1.400,0.000,0.0054,0.8954,5050
1240000,615008,5191,236.479,trajectory,0.250,1.400,1.000,0.0048,0.0690,5135
1260000,625008,5273,230.271,trajectory,0.250,1.300,1.000,0.0049,0.1003,5217
1280000,635008,5356,226.194,trajectory,0.250,1.200,0.000,0.0042,0.1641,5298
1300000,645008,5436,237.055,trajectory,0.250,1.200,0.000,0.0039,0.0652,5379
1320000,655008,5516,239.439,trajectory,0.250,1.200,0.969,0.0042,0.0395,5461
1340000,665008,5596,234.543,trajectory,0.250,1.100,0.000,0.0039,0.1053,5542
1360000,675008,5676,230.367,trajectory,0.250,1.100,0.969,0.0035,0.0213,5624
1380000,685008,5756,213.946,trajectory,0.250,1.000,0.062,0.0039,0.0431,5709
1400000,695008,5836,235.809,trajectory,0.250,1.000,0.000,0.0049,0.1540,5790
1420000,705008,5919,228.131,trajectory,0.250,1.000,0.781,0.0039,0.0224,5870
1440000,715008,5999,232.890,trajectory,0.250,1.000,0.000,0.0036,0.1693,5950
1460000,725008,6080,234.870,trajectory,0.250,1.000,0.031,0.0037,0.1418,6031
1480000,735008,6160,234.053,trajectory,0.250,1.000,1.000,0.0036,0.1180,6110
1500000,745008,6241,229.489,trajectory,0.250,0.900,0.000,0.0036,0.0666,6190
1520000,755008,6321,236.509,trajectory,0.250,0.900,0.000,0.0031,0.0410,6271
1540000,765008,6401,235.287,trajectory,0.250,0.900,0.156,0.0032,0.2269,6353
1560000,775008,6481,235.998,trajectory,0.250,0.900,1.000,0.0035,0.1157,6435
1580000,785008,6561,231.898,trajectory,0.250,0.800,0.000,0.0039,0.1529,6517
1600000,795008,6641,232.258,trajectory,0.250,0.800,0.000,0.0044,0.1058,6597
1620000,805008,6722,228.543,trajectory,0.250,0.800,0.219,0.0037,0.0698,6678
1640000,815008,6802,235.354,trajectory,0.250,0.800,0.125,0.0038,0.0582,6759
1660000,825008,6882,230.291,trajectory,0.250,0.800,0.000,0.0036,0.1597,6839
1680000,835008,6962,234.272,trajectory,0.250,0.800,0.031,0.0042,0.1482,6921
1700000,845008,7042,227.802,trajectory,0.250,0.800,1.000,0.0038,0.1905,7002
1720000,855008,7122,224.912,trajectory,0.250,0.700,0.031,0.0041,0.0356,7084
1740000,865008,7202,236.326,trajectory,0.250,0.700,0.156,0.0038,0.1380,7165
1760000,875008,7282,228.233,trajectory,0.250,0.700,0.000,0.0071,0.0952,7246
1780000,885008,7364,222.878,trajectory,0.250,0.700,1.000,0.0050,0.3644,7326
1800000,895008,7444,230.746,trajectory,0.250,0.600,0.000,0.0041,0.1055,7407
1820000,905008,7526,227.420,trajectory,0.250,0.600,0.375,0.0045,0.0979,7488
1840000,915008,7606,230.080,trajectory,0.250,0.600,0.000,0.0046,0.3403,7570
1860000,925008,7686,224.759,trajectory,0.250,0.600,0.531,0.0044,0.1336,7652
1880000,935008,7766,227.102,trajectory,0.250,0.600,0.312,0.0039,0.1085,7736
1900000,945008,7846,227.170,trajectory,0.250,0.600,0.375,0.0046,0.0705,7818
1920000,955008,7926,232.127,trajectory,0.250,0.600,0.562,0.0047,0.1188,7900
1940000,965008,8006,225.966,trajectory,0.250,0.600,0.438,0.0048,0.1210,7982
1960000,975008,8086,235.643,trajectory,0.250,0.600,1.000,0.0039,0.0853,8068
1980000,985008,8167,229.872,trajectory,0.250,0.500,0.000,0.0041,0.0780,8155
2000000,995008,8247,234.135,trajectory,0.250,0.500,0.062,0.0041,0.2599,8241
2020000,1005008,8328,224.549,trajectory,0.250,0.500,0.000,0.0042,0.0633,8325
2040000,1015008,8408,229.348,trajectory,0.250,0.500,0.000,0.0051,0.3438,8415
2060000,1025008,8489,223.093,trajectory,0.250,0.500,0.031,0.0038,0.1016,8502
2080000,1035008,8569,231.039,trajectory,0.250,0.500,0.188,0.0045,0.0900,8597
2100000,1045008,8651,222.178,trajectory,0.250,0.500,0.469,0.0044,0.2499,8683
2120000,1055008,8731,219.355,trajectory,0.250,0.500,0.219,0.0039,0.1579,8767
2140000,1065008,8811,229.302,trajectory,0.250,0.500,0.312,0.0056,0.0905,8850
2160000,1075008,8891,228.808,trajectory,0.250,0.500,0.000,0.0045,0.0543,8933
2180000,1085008,8971,225.406,trajectory,0.250,0.500,0.875,0.0037,0.2918,9015
2200000,1095008,9051,235.885,trajectory,0.250,0.500,1.000,0.0042,0.0969,9097
2220000,1105008,9132,222.488,trajectory,0.250,0.400,0.375,0.0046,0.0957,9178
2240000,1115008,9212,227.003,trajectory,0.250,0.400,0.375,0.0052,0.0521,9261
2260000,1125008,9292,225.204,trajectory,0.250,0.400,1.000,0.0048,0.1693,9343
2280000,1135008,9372,224.903,trajectory,0.250,0.300,1.000,0.0048,0.1173,9425
2300000,1145008,9453,226.130,trajectory,0.250,0.200,0.750,0.0048,0.0455,9507
2320000,1155008,9533,228.260,trajectory,0.250,0.200,1.000,0.0048,0.0636,9588
2340000,1165008,9613,219.969,trajectory,0.250,0.100,1.000,0.0050,0.2436,9670
2360000,1175008,9693,221.692,trajectory,0.250,0.000,0.969,0.0044,0.0545,9753
